<?xml version="1.0" encoding="utf-8"?>
<vector android:height="24.0dip" android:width="24.0dip" android:viewportWidth="512.0" android:viewportHeight="512.0"
  xmlns:android="http://schemas.android.com/apk/res/android">
    <group>
        <clip-path android:pathData="M256,256m-256,0a256,256 0,1 1,512 0a256,256 0,1 1,-512 0" />
        <path android:fillColor="#ff6da544" android:pathData="M0,512h167l37.9,-260.3L167,0H0z" />
        <path android:fillColor="#ffd80027" android:pathData="M512,0H167v512h345z" />
        <path android:fillColor="#ffffda44" android:pathData="M167,256m-89,0a89,89 0,1 1,178 0a89,89 0,1 1,-178 0" />
        <path android:fillColor="#ffd80027" android:pathData="M116.9,211.5V267a50,50 0,1 0,100.1 0v-55.6H117z" />
        <path android:fillColor="#ffeeeeee" android:pathData="M167,283.8c-9.2,0 -16.7,-7.5 -16.7,-16.7V245h33.4v22c0,9.2 -7.5,16.7 -16.7,16.7z" />
    </group>
</vector>
