<?xml version="1.0" encoding="utf-8"?>
<vector android:height="512.0dip" android:width="512.0dip" android:viewportWidth="512.0" android:viewportHeight="512.0"
  xmlns:android="http://schemas.android.com/apk/res/android">
    <group>
        <clip-path android:pathData="M256,256m-256,0a256,256 0,1 1,512 0a256,256 0,1 1,-512 0" />
        <path android:fillColor="#ffeeeeee" android:pathData="m0,160 l256,-32 256,32v192l-256,32L0,352z" />
        <path android:fillColor="#ffff9811" android:pathData="M0,0h512v160H0Z" />
        <path android:fillColor="#ff6da544" android:pathData="M0,352h512v160H0Z" />
        <path android:fillColor="#ff0052b4" android:pathData="M256,256m-72,0a72,72 0,1 1,144 0a72,72 0,1 1,-144 0" />
        <path android:fillColor="#ffeeeeee" android:pathData="M256,256m-48,0a48,48 0,1 1,96 0a48,48 0,1 1,-96 0" />
        <path android:fillColor="#ff0052b4" android:pathData="M256,256m-24,0a24,24 0,1 1,48 0a24,24 0,1 1,-48 0" />
    </group>
</vector>
