<?xml version="1.0" encoding="utf-8"?>
<vector android:height="24.0dip" android:width="24.0dip" android:viewportWidth="24.0" android:viewportHeight="24.0"
  xmlns:android="http://schemas.android.com/apk/res/android">
    <path android:fillColor="#00000000" android:pathData="M14,2v4a2,2 0,0 0,2 2h4" android:strokeColor="#ff000000" android:strokeWidth="2.0" android:strokeLineCap="round" android:strokeLineJoin="round" />
    <path android:fillColor="#00000000" android:pathData="m3.2,12.9 l-0.9,-0.4" android:strokeColor="#ff000000" android:strokeWidth="2.0" android:strokeLineCap="round" android:strokeLineJoin="round" />
    <path android:fillColor="#00000000" android:pathData="m3.2,15.1 l-0.9,0.4" android:strokeColor="#ff000000" android:strokeWidth="2.0" android:strokeLineCap="round" android:strokeLineJoin="round" />
    <path android:fillColor="#00000000" android:pathData="M4.677,21.5a2,2 0,0 0,1.313 0.5H18a2,2 0,0 0,2 -2V7l-5,-5H6a2,2 0,0 0,-2 2v2.5" android:strokeColor="#ff000000" android:strokeWidth="2.0" android:strokeLineCap="round" android:strokeLineJoin="round" />
    <path android:fillColor="#00000000" android:pathData="m4.9,11.2 l-0.4,-0.9" android:strokeColor="#ff000000" android:strokeWidth="2.0" android:strokeLineCap="round" android:strokeLineJoin="round" />
    <path android:fillColor="#00000000" android:pathData="m4.9,16.8 l-0.4,0.9" android:strokeColor="#ff000000" android:strokeWidth="2.0" android:strokeLineCap="round" android:strokeLineJoin="round" />
    <path android:fillColor="#00000000" android:pathData="m7.5,10.3 l-0.4,0.9" android:strokeColor="#ff000000" android:strokeWidth="2.0" android:strokeLineCap="round" android:strokeLineJoin="round" />
    <path android:fillColor="#00000000" android:pathData="m7.5,17.7 l-0.4,-0.9" android:strokeColor="#ff000000" android:strokeWidth="2.0" android:strokeLineCap="round" android:strokeLineJoin="round" />
    <path android:fillColor="#00000000" android:pathData="m9.7,12.5 l-0.9,0.4" android:strokeColor="#ff000000" android:strokeWidth="2.0" android:strokeLineCap="round" android:strokeLineJoin="round" />
    <path android:fillColor="#00000000" android:pathData="m9.7,15.5 l-0.9,-0.4" android:strokeColor="#ff000000" android:strokeWidth="2.0" android:strokeLineCap="round" android:strokeLineJoin="round" />
    <path android:fillColor="#00000000" android:pathData="M6,14m-3,0a3,3 0,1 1,6 0a3,3 0,1 1,-6 0" android:strokeColor="#ff000000" android:strokeWidth="2.0" android:strokeLineCap="round" android:strokeLineJoin="round" />
</vector>
