<?xml version="1.0" encoding="utf-8"?>
<vector android:height="24.0dip" android:width="24.0dip" android:viewportWidth="24.0" android:viewportHeight="24.0"
  xmlns:android="http://schemas.android.com/apk/res/android">
    <path android:fillColor="#00000000" android:pathData="M11,10v4h4" android:strokeColor="#ff000000" android:strokeWidth="2.0" android:strokeLineCap="round" android:strokeLineJoin="round" />
    <path android:fillColor="#00000000" android:pathData="m11,14 l1.535,-1.605a5,5 0,0 1,8 1.5" android:strokeColor="#ff000000" android:strokeWidth="2.0" android:strokeLineCap="round" android:strokeLineJoin="round" />
    <path android:fillColor="#00000000" android:pathData="M16,2v4" android:strokeColor="#ff000000" android:strokeWidth="2.0" android:strokeLineCap="round" android:strokeLineJoin="round" />
    <path android:fillColor="#00000000" android:pathData="m21,18 l-1.535,1.605a5,5 0,0 1,-8 -1.5" android:strokeColor="#ff000000" android:strokeWidth="2.0" android:strokeLineCap="round" android:strokeLineJoin="round" />
    <path android:fillColor="#00000000" android:pathData="M21,22v-4h-4" android:strokeColor="#ff000000" android:strokeWidth="2.0" android:strokeLineCap="round" android:strokeLineJoin="round" />
    <path android:fillColor="#00000000" android:pathData="M21,8.5V6a2,2 0,0 0,-2 -2H5a2,2 0,0 0,-2 2v14a2,2 0,0 0,2 2h4.3" android:strokeColor="#ff000000" android:strokeWidth="2.0" android:strokeLineCap="round" android:strokeLineJoin="round" />
    <path android:fillColor="#00000000" android:pathData="M3,10h4" android:strokeColor="#ff000000" android:strokeWidth="2.0" android:strokeLineCap="round" android:strokeLineJoin="round" />
    <path android:fillColor="#00000000" android:pathData="M8,2v4" android:strokeColor="#ff000000" android:strokeWidth="2.0" android:strokeLineCap="round" android:strokeLineJoin="round" />
</vector>
